-- phpMyAdmin SQL Dump
-- version 4.5.2
-- http://www.phpmyadmin.net
--
-- Host: localhost
-- Generation Time: Feb 28, 2017 at 04:57 AM
-- Server version: 10.1.19-MariaDB
-- PHP Version: 5.6.28

SET SQL_MODE = "NO_AUTO_VALUE_ON_ZERO";
SET time_zone = "+00:00";


/*!40101 SET @OLD_CHARACTER_SET_CLIENT=@@CHARACTER_SET_CLIENT */;
/*!40101 SET @OLD_CHARACTER_SET_RESULTS=@@CHARACTER_SET_RESULTS */;
/*!40101 SET @OLD_COLLATION_CONNECTION=@@COLLATION_CONNECTION */;
/*!40101 SET NAMES utf8mb4 */;

--
-- Database: `nobrainers`
--

-- --------------------------------------------------------

--
-- Table structure for table `category`
--

CREATE TABLE `category` (
  `CategoryID` int(1) NOT NULL,
  `CategoryName` varchar(10) NOT NULL
) ENGINE=InnoDB DEFAULT CHARSET=utf8 ROW_FORMAT=COMPACT;

--
-- Dumping data for table `category`
--

INSERT INTO `category` (`CategoryID`, `CategoryName`) VALUES
(1, 'vegetables'),
(2, 'fruit'),
(3, 'meat'),
(4, 'seafood'),
(5, 'pasta'),
(6, 'condiment'),
(7, 'dairy');

-- --------------------------------------------------------

--
-- Table structure for table `customer`
--

CREATE TABLE `customer` (
  `CustomerID` int(2) NOT NULL,
  `FirstName` varchar(10) DEFAULT NULL,
  `LastName` varchar(7) DEFAULT NULL,
  `Email` varchar(43) NOT NULL,
  `Password` varchar(16) NOT NULL,
  `StreetName` varchar(19) DEFAULT NULL,
  `AptNum` varchar(3) DEFAULT NULL,
  `City` varchar(14) DEFAULT NULL,
  `State` varchar(10) DEFAULT NULL,
  `Zip` varchar(7) DEFAULT NULL,
  `Country` varchar(24) DEFAULT NULL
) ENGINE=InnoDB DEFAULT CHARSET=utf8 ROW_FORMAT=COMPACT;

--
-- Dumping data for table `customer`
--

INSERT INTO `customer` (`CustomerID`, `FirstName`, `LastName`, `Email`, `Password`, `StreetName`, `AptNum`, `City`, `State`, `Zip`, `Country`) VALUES
(0, 'Green', 'Figs', 'greenfigs@greenfigs.com', 'welcomegreenfigs', '1 Washington Square', '123', 'San Jose', 'California', '95192', 'United States'),
(1, 'Harrison', 'Reilly', 'Sed.nulla.ante@orcilacusvestibulum.ca', 'CDB22IEJ8TO', '596-8831 Mi Ave', '871', 'Racine', 'Wisconsin', '40808', 'Estonia'),
(2, 'Vladimir', 'Ayers', 'Aenean.euismod@arcu.com', 'CMJ42AKF1ZZ', '975-823 Tempus St.', '708', 'Butte', 'MT', '41305', 'Russian Federation'),
(3, 'Cullen', 'Gibbs', 'dapibus.ligula@nuncinterdumfeugiat.co.uk', 'JVT96DAC8PM', '3757 Interdum. Av.', '142', 'Dallas', 'TX', 'Y0J 8A5', 'Iran'),
(4, 'Kalia', 'Sosa', 'congue@consectetuer.org', 'HQL61ERX6LS', '519-5884 Odio. Rd.', '383', 'Vancouver', 'Washington', '27318', 'Barbados'),
(5, 'Carlos', 'Hampton', 'aliquam.eu.accumsan@liberomaurisaliquam.edu', 'PZZ53PQQ3OM', '7428 Ornare St.', '413', 'Saint Louis', 'Missouri', '6130', 'United States'),
(6, 'Jacqueline', 'Burke', 'nunc@adlitora.co.uk', 'OVT67GOD1IX', '488-8017 Sed Ave', '748', 'Carson City', 'NV', '7025', 'Antigua and Barbuda'),
(7, 'Rama', 'Bentley', 'arcu@sem.org', 'VUP16RXS3BJ', '1383 Mauris Street', '538', 'Boston', 'MA', 'WU7 5JM', 'Yemen'),
(8, 'Quyn', 'Berry', 'ultrices.sit.amet@urnaconvalliserat.ca', 'YFR72QVL9KI', '8096 Nunc Street', '889', 'Toledo', 'Ohio', '13694', 'Bosnia and Herzegovina'),
(9, 'Kendall', 'Adkins', 'ultrices.iaculis@semperet.ca', 'EGW86QMG7MD', '314-1360 Eu', '', '', '', '', ''),
(10, 'Leilani', 'Wallace', 'et.rutrum@dictumeueleifend.edu', 'EDJ81KYA5MW', '582-495 Dui Rd.', '898', 'Jefferson City', 'Missouri', '40857', 'Central African Republic');

-- --------------------------------------------------------

--
-- Table structure for table `customerphone`
--

CREATE TABLE `customerphone` (
  `Phone` varchar(14) NOT NULL,
  ` CustomerID` int(2) NOT NULL
) ENGINE=InnoDB DEFAULT CHARSET=utf8 ROW_FORMAT=COMPACT;

--
-- Dumping data for table `customerphone`
--

INSERT INTO `customerphone` (`Phone`, ` CustomerID`) VALUES
('1-152-350-0853', 2),
('1-355-581-5317', 8),
('1-408-211-5325', 9),
('1-563-713-4226', 10),
('1-575-715-5036', 1),
('1-726-393-7780', 6),
('1-728-607-5063', 4),
('1-808-737-5558', 7),
('1-896-213-1041', 5),
('1-964-912-7686', 3);

-- --------------------------------------------------------

--
-- Table structure for table `farmer`
--

CREATE TABLE `farmer` (
  `FarmerID` int(1) NOT NULL,
  `FirstName` varchar(7) NOT NULL,
  `LastName` varchar(8) NOT NULL,
  `Email` varchar(25) NOT NULL,
  `Password` varchar(11) NOT NULL,
  `StreetName` varchar(18) DEFAULT NULL,
  `AptNum` int(3) DEFAULT NULL,
  `City` varchar(12) DEFAULT NULL,
  `State` varchar(4) DEFAULT NULL,
  `Zip` varchar(6) DEFAULT NULL,
  `Country` varchar(24) DEFAULT NULL
) ENGINE=InnoDB DEFAULT CHARSET=utf8 ROW_FORMAT=COMPACT;

--
-- Dumping data for table `farmer`
--

INSERT INTO `farmer` (`FarmerID`, `FirstName`, `LastName`, `Email`, `Password`, `StreetName`, `AptNum`, `City`, `State`, `Zip`, `Country`) VALUES
(1, 'Kylan', 'Reed', 'kylan.reed@gmail.com', 'BHS09YXL4QF', '7276 Tempor St.', 841, 'Akron', 'Ohio', '185571', 'Antigua and Barbuda'),
(2, 'Jocelyn', 'Gould', 'jocelyn.gould@gmail.com', 'GVQ91NQP1NF', '167-448 Ipsum Ave', 889, 'Houston', 'TX', '87-641', 'Turks and Caicos Islands'),
(3, 'Andrew', 'Valencia', 'andrew.valencia@gmail.com', 'ITI67QKY6HS', '481-6931 Arcu. Rd.', 657, 'Des Moines', 'Iowa', '4809', 'Congo (Brazzaville)'),
(4, 'Erich', 'Beck', 'erich.beck@gmail.com', 'IEY27GIE7OZ', '2497 Quam Av.', 739, 'Cedar Rapids', 'Iowa', '489778', 'Afghanistan'),
(5, 'Veda', 'Hurst', 'veda.hurst@gmail.com', 'PYE81AZO5LM', '971-9721 Vel, Road', 702, 'Bloomington', 'MN', '43950', 'Guyana');

-- --------------------------------------------------------

--
-- Table structure for table `farmerphone`
--

CREATE TABLE `farmerphone` (
  `Phone` varchar(14) NOT NULL,
  `FarmerID` int(1) NOT NULL
) ENGINE=InnoDB DEFAULT CHARSET=utf8 ROW_FORMAT=COMPACT;

--
-- Dumping data for table `farmerphone`
--

INSERT INTO `farmerphone` (`Phone`, `FarmerID`) VALUES
('1-134-339-5858', 4),
('1-173-193-4861', 2),
('1-333-414-4046', 1),
('1-592-174-8040', 5),
('1-992-771-8236', 3);

-- --------------------------------------------------------

--
-- Table structure for table `iscontained`
--

CREATE TABLE `iscontained` (
  `RecipeName` varchar(40) NOT NULL,
  `CustomerID` int(1) NOT NULL,
  `ProductID` int(2) NOT NULL
) ENGINE=InnoDB DEFAULT CHARSET=utf8 ROW_FORMAT=COMPACT;

--
-- Dumping data for table `iscontained`
--

INSERT INTO `iscontained` (`RecipeName`, `CustomerID`, `ProductID`) VALUES
('Alaskan Cod and Shrimp with Fresh Tomato', 0, 20),
('Alaskan Cod and Shrimp with Fresh Tomato', 0, 37),
('Alaskan Cod and Shrimp with Fresh Tomato', 0, 38),
('Alaskan Cod and Shrimp with Fresh Tomato', 1, 20),
('Alaskan Cod and Shrimp with Fresh Tomato', 1, 37),
('Alaskan Cod and Shrimp with Fresh Tomato', 1, 38),
('Cajun Chicken Ragout', 0, 27),
('Cajun Chicken Ragout', 0, 32),
('Cajun Chicken Ragout', 0, 36),
('Cajun Chicken Ragout', 4, 27),
('Cajun Chicken Ragout', 4, 32),
('Cajun Chicken Ragout', 4, 36),
('Cajun Chicken Ragout', 9, 27),
('Cajun Chicken Ragout', 9, 32),
('Cajun Chicken Ragout', 9, 36),
('Fettuccini Carbonara', 0, 19),
('Fettuccini Carbonara', 0, 21),
('Fettuccini Carbonara', 0, 32),
('Fettuccini Carbonara', 0, 43),
('Fettuccini Carbonara', 7, 19),
('Fettuccini Carbonara', 7, 21),
('Fettuccini Carbonara', 7, 32),
('Fettuccini Carbonara', 7, 43),
('Filet Mignon with Rich Balsamic Glaze', 0, 3),
('Filet Mignon with Rich Balsamic Glaze', 0, 6),
('Filet Mignon with Rich Balsamic Glaze', 0, 14),
('Filet Mignon with Rich Balsamic Glaze', 0, 18),
('Filet Mignon with Rich Balsamic Glaze', 1, 3),
('Filet Mignon with Rich Balsamic Glaze', 1, 6),
('Filet Mignon with Rich Balsamic Glaze', 1, 14),
('Filet Mignon with Rich Balsamic Glaze', 1, 18),
('Filet Mignon with Rich Balsamic Glaze', 3, 3),
('Filet Mignon with Rich Balsamic Glaze', 3, 6),
('Filet Mignon with Rich Balsamic Glaze', 3, 14),
('Filet Mignon with Rich Balsamic Glaze', 3, 18),
('Fried Cabbage and Egg Noodles', 0, 8),
('Fried Cabbage and Egg Noodles', 0, 9),
('Fried Cabbage and Egg Noodles', 0, 21),
('Fried Cabbage and Egg Noodles', 1, 8),
('Fried Cabbage and Egg Noodles', 1, 9),
('Fried Cabbage and Egg Noodles', 1, 21),
('Fried Cabbage and Egg Noodles', 6, 8),
('Fried Cabbage and Egg Noodles', 6, 9),
('Fried Cabbage and Egg Noodles', 6, 21),
('Fried Cabbage and Egg Noodles', 9, 8),
('Fried Cabbage and Egg Noodles', 9, 9),
('Fried Cabbage and Egg Noodles', 9, 21),
('Fried Pork Chop', 0, 8),
('Fried Pork Chop', 0, 11),
('Fried Pork Chop', 0, 13),
('Fried Pork Chop', 3, 8),
('Fried Pork Chop', 3, 11),
('Fried Pork Chop', 3, 13);

-- --------------------------------------------------------

--
-- Table structure for table `isincluedproduct`
--

CREATE TABLE `isincluedproduct` (
  `OrderID` int(5) NOT NULL,
  `ProductID` int(2) NOT NULL
) ENGINE=InnoDB DEFAULT CHARSET=utf8 ROW_FORMAT=COMPACT;

--
-- Dumping data for table `isincluedproduct`
--

INSERT INTO `isincluedproduct` (`OrderID`, `ProductID`) VALUES
(11052, 8),
(11052, 25),
(11052, 30),
(11052, 39),
(11052, 46),
(16737, 18),
(19644, 4),
(19644, 34),
(19644, 36),
(19644, 42),
(19644, 47),
(20123, 19),
(20123, 23),
(20123, 27),
(20123, 31),
(22190, 13),
(23289, 3),
(33154, 7),
(47283, 14),
(67034, 1),
(67034, 22),
(67034, 29),
(67034, 38),
(67034, 43),
(67650, 15),
(69961, 6),
(71119, 12),
(73409, 16),
(79140, 5),
(79140, 24),
(79140, 35),
(79140, 45),
(84973, 2),
(85949, 11),
(85949, 21),
(85949, 33),
(85949, 41),
(85949, 49),
(88223, 17),
(94231, 10),
(94231, 26),
(94231, 28),
(94231, 32),
(94231, 37),
(94231, 40),
(94231, 44),
(94231, 48),
(94231, 50),
(95733, 20),
(96191, 9);

-- --------------------------------------------------------

--
-- Table structure for table `isincluedrecipe`
--

CREATE TABLE `isincluedrecipe` (
  `RecipeName` varchar(40) NOT NULL,
  `CustomerID` int(1) NOT NULL,
  `OrderId` int(5) NOT NULL
) ENGINE=InnoDB DEFAULT CHARSET=utf8 ROW_FORMAT=COMPACT;

--
-- Dumping data for table `isincluedrecipe`
--

INSERT INTO `isincluedrecipe` (`RecipeName`, `CustomerID`, `OrderId`) VALUES
('Alaskan Cod and Shrimp with Fresh Tomato', 1, 73409),
('Cajun Chicken Ragout', 9, 67034),
('Fettuccini Carbonara', 7, 71119),
('Fettuccini Carbonara', 7, 94231),
('Filet Mignon with Rich Balsamic Glaze', 3, 19644);

-- --------------------------------------------------------

--
-- Table structure for table `order`
--

CREATE TABLE `order` (
  `OrderID` int(5) NOT NULL,
  `CustomerID` int(2) NOT NULL
) ENGINE=InnoDB DEFAULT CHARSET=utf8 ROW_FORMAT=COMPACT;

--
-- Dumping data for table `order`
--

INSERT INTO `order` (`OrderID`, `CustomerID`) VALUES
(11052, 5),
(16737, 2),
(19644, 3),
(20123, 10),
(22190, 1),
(23289, 9),
(33154, 8),
(47283, 5),
(67034, 9),
(67650, 10),
(69961, 2),
(71119, 7),
(73409, 1),
(79140, 4),
(84973, 5),
(85949, 8),
(88223, 7),
(94231, 7),
(95733, 4),
(96191, 2);

-- --------------------------------------------------------

--
-- Table structure for table `product`
--

CREATE TABLE `product` (
  `ProductID` int(2) NOT NULL,
  `Price` varchar(6) NOT NULL,
  `Name` varchar(13) NOT NULL,
  `Description` varchar(74) DEFAULT NULL,
  `Certification` varchar(11) DEFAULT NULL,
  `CategoryID` int(1) DEFAULT NULL,
  `FarmerID` int(1) DEFAULT NULL
) ENGINE=InnoDB DEFAULT CHARSET=utf8 ROW_FORMAT=COMPACT;

--
-- Dumping data for table `product`
--

INSERT INTO `product` (`ProductID`, `Price`, `Name`, `Description`, `Certification`, `CategoryID`, `FarmerID`) VALUES
(1, '$6.62 ', 'sugar', 'libero et tristique pellentesque', 'non-gmo', 6, 3),
(2, '$4.81 ', 'penne', 'faucibus. Morbi vehicula.', 'gluten-free', 5, 1),
(3, '$4.81 ', 'parsley', 'vestibulum lorem', 'organic', 1, 3),
(4, '$7.59 ', 'chicken', 'pharetra', 'gluten-free', 3, 2),
(5, '$7.09 ', 'shrimp', 'tristique senectus et netus et malesuada fames ac', 'gluten-free', 4, 2),
(6, '$2.43 ', 'beef', 'Aliquam nisl. Nulla eu neque pellentesque massa lobortis ultrices. Vivamus', 'gluten-free', 3, 4),
(7, '$3.62 ', 'pasta-sauce', 'eros turpis non enim. Mauris', 'organic', 6, 4),
(8, '$3.72 ', 'parsley', 'euismod urna. Nullam lobortis quam', 'organic', 1, 2),
(9, '$4.15 ', 'romain-hearts', 'erat. Vivamus nisi. Mauris', 'non-gmo', 1, 4),
(10, '$5.31 ', 'pasta-sauce', 'vel', 'gluten-free', 6, 3),
(11, '$5.33 ', 'pork', 'nulla magna', 'gluten-free', 3, 2),
(12, '$7.10 ', 'pork', 'Vestibulum ut eros non enim commodo hendrerit. Donec porttitor tellus', 'gluten-free', 3, 3),
(13, '$2.17 ', 'soy-milk', 'magnis', 'organic', 7, 2),
(14, '$4.06 ', 'sugar', 'et', 'gluten-free', 6, 1),
(15, '$3.93 ', 'strawberry', 'libero lacus', 'organic', 2, 3),
(16, '$4.38 ', 'pasta-sauce', 'aptent taciti sociosqu ad litora torquent per conubia', 'non-gmo', 6, 4),
(17, '$1.00 ', 'sugar', 'ornare', 'non-gmo', 6, 3),
(18, '$1.67 ', 'pepper', 'mi enim', 'gluten-free', 6, 4),
(19, '$3.91 ', 'tomato', 'malesuada', 'gluten-free', 1, 1),
(20, '$8.14 ', 'shrimp', 'eget', 'gluten-free', 4, 2),
(21, '$3.22 ', 'salt', 'luctus', 'non-gmo', 6, 3),
(22, '$2.90 ', 'sugar', 'enim nec tempus', 'gluten-free', 6, 3),
(23, '$6.89 ', 'pasta-sauce', 'feugiat. Lorem ipsum dolor sit amet', 'non-gmo', 6, 4),
(24, '$9.99 ', 'romain-hearts', 'massa non', 'non-gmo', 1, 3),
(25, '$8.12 ', 'cherry', 'libero. Proin mi. Aliquam gravida', 'organic', 2, 5),
(26, '$1.20 ', 'chicken', 'non', 'organic', 3, 1),
(27, '$3.42 ', 'beef', 'rutrum. Fusce dolor quam', 'gluten-free', 3, 1),
(28, '$1.21 ', 'tomato', 'vulputate', 'non-gmo', 2, 1),
(29, '$1.43 ', 'penne', 'mauris sapien', 'organic', 5, 1),
(30, '$7.36 ', 'penne', 'torquent per conubia nostra', 'organic', 5, 5),
(31, '$4.17 ', 'parsley', 'non', 'gluten-free', 1, 1),
(32, '$1.68 ', 'pasta-sauce', 'consequat', 'non-gmo', 6, 1),
(33, '$7.71 ', 'pork', 'Duis elementum', 'organic', 3, 2),
(34, '$9.08 ', 'halibut', 'imperdiet nec', 'non-gmo', 4, 5),
(35, '$9.75 ', 'lobster', 'nascetur ridiculus mus.', 'gluten-free', 4, 2),
(36, '$3.46 ', 'salt', 'in consectetuer ipsum nunc id enim. Curabitur massa. Vestibulum', 'non-gmo', 6, 2),
(37, '$5.00 ', 'tomato', 'viverra. Maecenas iaculis aliquet diam. Sed diam lorem', 'non-gmo', 1, 4),
(38, '$5.83 ', 'lobster', 'orci quis lectus. Nullam suscipit', 'gluten-free', 4, 4),
(39, '$2.58 ', 'lobster', 'dui. Fusce aliquam', 'gluten-free', 4, 3),
(40, '$3.18 ', 'parsley', 'sodales at', 'non-gmo', 1, 4),
(41, '$6.32 ', 'milk', 'augue ac ipsum. Phasellus vitae mauris', 'gluten-free', 7, 1),
(42, '$9.66 ', 'halibut', 'faucibus orci luctus et ultrices posuere cubilia', 'organic', 4, 4),
(43, '$2.47 ', 'chicken', 'egestas nunc sed libero. Proin sed turpis nec mauris blandit', 'organic', 3, 3),
(44, '$4.67 ', 'blueberry', 'id magna et', 'gluten-free', 2, 3),
(45, '$1.75 ', 'shrimp', 'justo faucibus lectus', 'organic', 4, 3),
(46, '$9.68 ', 'pasta-sauce', 'ut aliquam iaculis', 'gluten-free', 6, 4),
(47, '$9.13 ', 'soy-milk', 'eleifend egestas. Sed pharetra', 'non-gmo', 7, 2),
(48, '$7.63 ', 'penne', 'dapibus ligula. Aliquam erat volutpat. Nulla', 'organic', 5, 1),
(49, '$3.54 ', 'beef', 'et magnis dis', 'gluten-free', 3, 3),
(50, '$2.99 ', 'strawberry', 'felis orci', 'organic', 2, 1);

-- --------------------------------------------------------

--
-- Table structure for table `recipe`
--

CREATE TABLE `recipe` (
  `RecipeName` varchar(40) NOT NULL,
  `CustomerID` int(1) NOT NULL,
  `Type` varchar(8) DEFAULT NULL,
  `Description` varchar(79) DEFAULT NULL
) ENGINE=InnoDB DEFAULT CHARSET=utf8;

--
-- Dumping data for table `recipe`
--

INSERT INTO `recipe` (`RecipeName`, `CustomerID`, `Type`, `Description`) VALUES
('Alaskan Cod and Shrimp with Fresh Tomato', 0, 'Chef', 'nascetur ridiculus mus. Proin vel'),
('Alaskan Cod and Shrimp with Fresh Tomato', 1, 'Customer', 'neque. Morbi'),
('Cajun Chicken Ragout', 0, 'Chef', 'neque tellus'),
('Cajun Chicken Ragout', 4, 'Customer', 'adipiscing elit. Aliquam'),
('Cajun Chicken Ragout', 9, 'Customer', 'tortor at risus. Nunc ac sem ut'),
('Fettuccini Carbonara', 0, 'Chef', 'enim diam vel arcu. Curabitur'),
('Fettuccini Carbonara', 7, 'Customer', 'Suspendisse'),
('Filet Mignon with Rich Balsamic Glaze', 0, 'Chef', 'magna eros. Proin ultrices.'),
('Filet Mignon with Rich Balsamic Glaze', 1, 'Customer', 'sit amet metus. Aliquam erat volutpat. Nulla facilisis. Suspendisse commodo'),
('Filet Mignon with Rich Balsamic Glaze', 3, 'Customer', 'scelerisque neque. Nullam nisl. Maecenas malesuada'),
('Fried Cabbage and Egg Noodles', 0, 'Chef', 'metus. Aenean sed pede nec ante blandit viverra. Donec tempus'),
('Fried Cabbage and Egg Noodles', 1, 'Customer', 'dolor elit'),
('Fried Cabbage and Egg Noodles', 6, 'Customer', 'Aliquam ornare'),
('Fried Cabbage and Egg Noodles', 9, 'Customer', 'Nulla dignissim. Maecenas ornare egestas ligula. Nullam feugiat placerat velit.'),
('Fried Pork Chop', 0, 'Chef', 'sapien. Aenean massa. Integer vitae'),
('Fried Pork Chop', 3, 'Customer', 'Duis sit amet diam eu dolor egestas rhoncus. Proin');

--
-- Indexes for dumped tables
--

--
-- Indexes for table `category`
--
ALTER TABLE `category`
  ADD PRIMARY KEY (`CategoryID`);

--
-- Indexes for table `customer`
--
ALTER TABLE `customer`
  ADD PRIMARY KEY (`CustomerID`),
  ADD UNIQUE KEY `Email` (`Email`);

--
-- Indexes for table `customerphone`
--
ALTER TABLE `customerphone`
  ADD PRIMARY KEY (`Phone`,` CustomerID`);

--
-- Indexes for table `farmer`
--
ALTER TABLE `farmer`
  ADD PRIMARY KEY (`FarmerID`),
  ADD UNIQUE KEY `Email` (`Email`);

--
-- Indexes for table `farmerphone`
--
ALTER TABLE `farmerphone`
  ADD PRIMARY KEY (`Phone`,`FarmerID`);

--
-- Indexes for table `iscontained`
--
ALTER TABLE `iscontained`
  ADD PRIMARY KEY (`RecipeName`,`CustomerID`,`ProductID`);

--
-- Indexes for table `isincluedproduct`
--
ALTER TABLE `isincluedproduct`
  ADD PRIMARY KEY (`OrderID`,`ProductID`);

--
-- Indexes for table `isincluedrecipe`
--
ALTER TABLE `isincluedrecipe`
  ADD PRIMARY KEY (`RecipeName`,`CustomerID`,`OrderId`);

--
-- Indexes for table `order`
--
ALTER TABLE `order`
  ADD PRIMARY KEY (`OrderID`);

--
-- Indexes for table `product`
--
ALTER TABLE `product`
  ADD PRIMARY KEY (`ProductID`);

--
-- Indexes for table `recipe`
--
ALTER TABLE `recipe`
  ADD PRIMARY KEY (`RecipeName`,`CustomerID`);

/*!40101 SET CHARACTER_SET_CLIENT=@OLD_CHARACTER_SET_CLIENT */;
/*!40101 SET CHARACTER_SET_RESULTS=@OLD_CHARACTER_SET_RESULTS */;
/*!40101 SET COLLATION_CONNECTION=@OLD_COLLATION_CONNECTION */;
